YEAR,STOCK_COUNT,STOCK_RATE
2005,20, 1.823982
2006,29, 1.526007
2007,41, 1.148405
2008,50, 0.233287
2009,66, 2.916698
2010,71, 1.390307
2011,78, 0.721754
2012,88, 1.001740
2013,91, 0.888030
2014,97, 0.850453
2015,100, 1.324314
2016,105, 1.572945
2017,108, 1.077534
2018,112, 0.983471
2019,113, 1.281802
